variable,type
LNMON,month_index
TARGET,target
SS1200000,categorical
U43002030,numeric
U5DD01005,numeric
U5DD01006,numeric
U81102010,numeric
U81201010,numeric
U81202010,numeric
U81301010,numeric
U81302010,numeric
U81501010,numeric
U81502010,numeric
U84010100,categorical
U84010200,numeric
U84010300,numeric
U84010400,numeric
UR1101100,categorical
UR1102100,numeric
AL012G003,categorical
AL012G004,categorical
AL012G005,categorical
AL012G009,categorical
AL012G010,categorical
AL012G011,categorical
AL012G013,categorical
AL012G014,categorical
AL012G015,categorical
AL012G017,categorical
AL012G018,categorical
AL012G019,categorical
AL018G001,numeric
AL018G002,numeric
AS1300133,numeric
AS1340126,numeric
AS1350127,numeric
AS1360004,numeric
AS1360006,numeric
AS1C0G158,categorical
AS1C10132,boolean
AS1C10148,boolean
AS1C1G157,boolean
AS1C20102,categorical
AS1C20103,numeric
AS1C20110,numeric
AS1C20112,numeric
AS1C20113,numeric
AS1C20114,numeric
AS1C20116,numeric
AS1C20118,numeric
AS1C20119,numeric
AS1C20120,numeric
AS1C20126,categorical
AS1C30101,numeric
AS1C30102,numeric
AS1C30103,numeric
AS1C30104,numeric
AS1C30116,numeric
AS1C40101,numeric
AS1C40102,numeric
AS1C50101,numeric
AS1C50102,numeric
AS3C30110,numeric
ASCD20134,numeric
ASCD20136,numeric
ASCD30135,numeric
ASCD30137,numeric
C1L120161,numeric
C1N17J000,numeric
C20172001,numeric
C23172000,numeric
L2017300H,numeric
L2Z000142,numeric
L2Z001056,numeric
UA1040000,numeric
UA1040003,numeric
D10110D0K,numeric
D10110D0N,numeric
D10110D0T,numeric
D10120D0K,categorical
D10120D0N,categorical
D10120D0T,numeric
D10142D0K,numeric
D10142D0N,numeric
D10142D0T,numeric
D10175D0K,numeric
D10175D0N,numeric
D10175D0T,numeric
D10187D00,numeric
D10192000,numeric
D10210D00,categorical
D1Z000278,categorical
D1Z000862,categorical
D1Z001026,categorical
DA1000055,numeric
DA1000064,numeric
DA1000066,numeric
DA1000090,numeric
DA1000091,numeric
DA1000092,numeric
DA1000097,numeric
DA1000098,numeric
DA1000104,numeric
DA1000147,numeric
DUN000002,numeric
DUN000007,numeric
DUN000008,numeric
DUN000009,numeric
DUN000011,numeric
DUN000012,numeric
DUN000013,numeric
DUN000022,categorical
DUN000023,numeric
DUN000024,numeric
DUN000025,numeric
DUN000026,numeric
DUN000027,numeric
DUN000028,numeric
DUN000029,numeric
DUN000030,numeric
D20110000,categorical
D20210000,categorical
D20384000,numeric
D2Z000033,numeric
D2Z000067,categorical
D2Z000071,numeric
D2Z000072,numeric
D2Z000078,numeric
DA0D00001,numeric
DA0D00003,numeric
DA0D00009,categorical
DA0D00011,categorical
DA0D00013,numeric
DA0D00015,numeric
DA0D00017,numeric
DA0D00018,numeric
DA0D00019,boolean
DA0D00021,categorical
DA0D00023,numeric
DA0D00024,numeric
DA0D00025,categorical
DA0D00026,numeric
DA0D00030,numeric
DA0D00031,numeric
DA0D00032,categorical
DA0D00033,numeric
DA0D00034,numeric
DA0D00035,numeric
DA0D00036,numeric
DA0D00037,numeric
DA0D00038,numeric
DD0110X10,numeric
DD0140X16,categorical
DD0140X1C,categorical
DD0210X13,boolean
DD0210X16,boolean
DD0211X10,boolean
DDC001000,boolean
DDC001001,boolean
DDC005002,categorical
DDC006003,categorical
D32000001,boolean
D3011000K,boolean
D3011000N,boolean
D3011000R,boolean
D30210000,boolean
GDC003000,numeric
L20231O00,numeric
L2Z001302,numeric
LA0000106,numeric
LA0N00013,categorical
LA0N00032,categorical
LA0N00034,numeric
LA0N00040,numeric
L2M000011,categorical
L2M000026,categorical
L2M000079,categorical
L2M000080,categorical
L2M000082,numeric
L2M000083,categorical
L2M000088,categorical
L2M000089,categorical
L2M000111,numeric
L2M000114,categorical
L2M000137,categorical
L2M000138,categorical
L2M000139,categorical
L2Z000133,categorical
L2Z000134,categorical
L2Z000144,categorical
L2Z000146,categorical
L2Z000223,numeric
L2Z000242,numeric
L2Z000262,categorical
L2Z000263,categorical
L2Z000265,categorical
L2Z000268,numeric
L2Z000276,categorical
L2Z000277,categorical
L2Z000285,categorical
L2Z000310,categorical
L2Z000369,categorical
L2Z000950,categorical
L2Z000970,categorical
L2Z000975,numeric
L2Z000976,numeric
L2Z000989,categorical
L2Z000990,categorical
L2Z000991,categorical
L2Z000993,categorical
L2Z001009,categorical
L2Z001013,categorical
L2Z001022,numeric
L2Z001049,categorical
L2Z001093,categorical
L2Z001094,categorical
L2Z001104,numeric
L2Z001105,numeric
L2Z001128,categorical
L2Z001131,categorical
L2Z001186,categorical
L2Z001195,numeric
L2Z001199,numeric
L2Z001203,numeric
L2Z001240,categorical
L2Z001241,categorical
L2Z001242,categorical
L2Z001243,categorical
L2Z001244,numeric
L2Z001245,numeric
L2Z001246,numeric
L2Z001247,numeric
L2Z001248,numeric
L2Z001255,categorical
L2Z001258,numeric
L2Z001266,categorical
L2Z001267,categorical
L2Z001268,categorical
L2Z001291,categorical
L2Z001292,numeric
L2Z001293,numeric
L2Z001294,numeric
L2Z001295,numeric
L2Z001309,numeric
L2Z001314,categorical
L2Z001317,categorical
L2Z001318,categorical
L2Z001320,numeric
L2Z001321,categorical
L2Z001322,categorical
L2Z001323,categorical
L2Z001324,categorical
L2Z001325,categorical
L2Z001326,categorical
L2Z001327,categorical
L2Z001328,categorical
L2Z001329,categorical
L2Z001333,numeric
L2Z001334,numeric
L2Z001371,categorical
L2Z001376,numeric
L2Z001379,categorical
L2Z001380,categorical
L2Z001463,categorical
G20120R00,numeric
G20183R00,numeric
G20220000,numeric
G20220006,numeric
G2022000C,numeric
G20220L00,numeric
G20220R00,numeric
G20231000,numeric
G20231R00,numeric
V10210000,categorical
V10232000,numeric
C20220000,categorical
C20220003,categorical
C20220006,categorical
C2022000C,categorical
C2022000F,categorical
C23220000,categorical
C23220006,categorical
C2322000C,categorical
C2Z000026,categorical
C18133006,numeric
C1813300C,numeric
C1L120014,categorical
C1L120032,categorical
C1L120054,categorical
C1L120066,numeric
C1L120123,numeric
C1L120190,categorical
C1L120238,numeric
C1L120250,numeric
C1L120255,numeric
C1L120256,numeric
C1L120292,numeric
C1L120301,numeric
C1L120331,numeric
C1L120333,numeric
C1L120347,numeric
C1L120354,numeric
C1L120357,numeric
C1M123W06,categorical
C1M126W03,categorical
C1M126W06,categorical
C1M1A8003,numeric
C1M1A8006,numeric
C1M1A9003,numeric
C1M1A9006,numeric
C1M233W03,numeric
C1M2B3W06,numeric
C1M2B3W0C,numeric
C1M2B4W0C,numeric
C1N128006,categorical
C1N1A8003,numeric
C1N1A800C,numeric
C1N218000,categorical
C1N228000,categorical
C1N22R000,categorical
C1N238000,numeric
C1N239000,numeric
C1N295W03,numeric
C1N296W03,numeric
C1N296W06,numeric
C1N2A3W03,numeric
C1N2A3W06,numeric
C1N2A3W0C,numeric
C1N2A6W03,numeric
C1N2A6W06,numeric
C1N2B3W03,numeric
C1N2B3W06,numeric
C1N2B4W03,numeric
C1N2B4W06,numeric
C1N2B4W0C,numeric
C1N2B5W06,numeric
C1N2B5W0C,numeric
C1N2B6W03,numeric
C1N2B6W06,numeric
C1N2B6W0C,numeric
C1N2C6W03,categorical
C1N2C6W06,categorical
C1N2D6W06,numeric
C1P000001,categorical
C1P000005,numeric
C1P000011,categorical
C1Z000009,numeric
C1Z000273,categorical
C1Z000294,categorical
C1Z000397,numeric
C1Z000753,categorical
C1Z000761,numeric
C1Z000762,numeric
C1Z000809,numeric
C1Z000816,numeric
C1Z000941,categorical
C1Z000942,numeric
C1Z000943,numeric
C1Z000946,numeric
C1Z000953,numeric
C1Z000954,numeric
C1Z000955,numeric
C1Z000963,numeric
C1Z000964,numeric
C1Z000965,numeric
C1Z000968,numeric
C1Z000975,categorical
C1Z000978,numeric
C1Z001038,numeric
C1Z001044,numeric
C1Z001046,numeric
C1Z001055,categorical
C1Z001079,categorical
C1Z001081,categorical
C1Z001117,categorical
C1Z001140,categorical
C1Z001141,categorical
C1Z001175,categorical
C1Z001186,categorical
C1Z001187,categorical
C1Z001189,categorical
C1Z001205,categorical
C1Z001221,categorical
C1Z001222,categorical
C1Z001267,categorical
C1Z001297,numeric
C1Z001306,categorical
C1Z001340,numeric
C1Z001358,numeric
C1Z001380,numeric
C1Z001396,numeric
C1Z001405,numeric
C1Z001426,numeric
C1Z001464,numeric
C1Z001474,numeric
TS_RECENT_CPS001,numeric
TS_MOMENTUM_CPS001,numeric
TS_VOLATILITY_CPS001,numeric
TS_MAX_IN_3M_FLAG_CPS001,boolean
TS_TOTAL_SLOPE_CPS001,numeric
TS_RECENT_CPS002,numeric
TS_MOMENTUM_CPS002,numeric
TS_VOLATILITY_CPS002,numeric
TS_MAX_IN_3M_FLAG_CPS002,boolean
TS_TOTAL_SLOPE_CPS002,numeric
TS_RECENT_CPS003,numeric
TS_MOMENTUM_CPS003,numeric
TS_VOLATILITY_CPS003,numeric
TS_MAX_IN_3M_FLAG_CPS003,boolean
TS_TOTAL_SLOPE_CPS003,numeric
TS_RECENT_CPS004,numeric
TS_MOMENTUM_CPS004,numeric
TS_VOLATILITY_CPS004,numeric
TS_MAX_IN_3M_FLAG_CPS004,boolean
TS_TOTAL_SLOPE_CPS004,numeric
TS_RECENT_CPS005,numeric
TS_MOMENTUM_CPS005,numeric
TS_VOLATILITY_CPS005,numeric
TS_MAX_IN_3M_FLAG_CPS005,boolean
TS_TOTAL_SLOPE_CPS005,numeric
TS_RECENT_CPS006,numeric
TS_MOMENTUM_CPS006,numeric
TS_VOLATILITY_CPS006,numeric
TS_MAX_IN_3M_FLAG_CPS006,boolean
TS_TOTAL_SLOPE_CPS006,numeric
TS_RECENT_CPS007,numeric
TS_MOMENTUM_CPS007,numeric
TS_VOLATILITY_CPS007,numeric
TS_MAX_IN_3M_FLAG_CPS007,boolean
TS_TOTAL_SLOPE_CPS007,numeric
TS_RECENT_CPS008,numeric
TS_MOMENTUM_CPS008,numeric
TS_VOLATILITY_CPS008,numeric
TS_MAX_IN_3M_FLAG_CPS008,boolean
TS_TOTAL_SLOPE_CPS008,numeric
TS_RECENT_CPS009,numeric
TS_MOMENTUM_CPS009,numeric
TS_VOLATILITY_CPS009,numeric
TS_MAX_IN_3M_FLAG_CPS009,boolean
TS_TOTAL_SLOPE_CPS009,numeric
TS_RECENT_CPS010,numeric
TS_MOMENTUM_CPS010,numeric
TS_VOLATILITY_CPS010,numeric
TS_MAX_IN_3M_FLAG_CPS010,boolean
TS_TOTAL_SLOPE_CPS010,numeric
TS_RECENT_CPS011,numeric
TS_MOMENTUM_CPS011,numeric
TS_VOLATILITY_CPS011,numeric
TS_MAX_IN_3M_FLAG_CPS011,boolean
TS_TOTAL_SLOPE_CPS011,numeric
TS_RECENT_CPS012,numeric
TS_MOMENTUM_CPS012,numeric
TS_VOLATILITY_CPS012,numeric
TS_MAX_IN_3M_FLAG_CPS012,boolean
TS_TOTAL_SLOPE_CPS012,numeric
TS_RECENT_CPS013,numeric
TS_MOMENTUM_CPS013,numeric
TS_VOLATILITY_CPS013,numeric
TS_MAX_IN_3M_FLAG_CPS013,boolean
TS_TOTAL_SLOPE_CPS013,numeric
TS_RECENT_APS002,numeric
TS_MOMENTUM_APS002,numeric
TS_VOLATILITY_APS002,numeric
TS_MAX_IN_3M_FLAG_APS002,boolean
TS_TOTAL_SLOPE_APS002,numeric
TS_RECENT_APS003,numeric
TS_MOMENTUM_APS003,numeric
TS_VOLATILITY_APS003,numeric
TS_MAX_IN_3M_FLAG_APS003,boolean
TS_TOTAL_SLOPE_APS003,numeric
TS_VOLATILITY_APS001_FLIPS,categorical
TS_MOMENTUM_APS001_STATE,categorical
AL012G003_SV_FLAG_M9_0,boolean
AL012G004_SV_FLAG_M9_0,boolean
AL012G005_SV_FLAG_M9_0,boolean
AL012G009_SV_FLAG_M9_0,boolean
AL012G010_SV_FLAG_M9_0,boolean
AL012G011_SV_FLAG_M9_0,boolean
AL012G013_SV_FLAG_M9_0,boolean
AL012G014_SV_FLAG_M9_0,boolean
AL012G015_SV_FLAG_M9_0,boolean
AL012G017_SV_FLAG_M9_0,boolean
AL012G018_SV_FLAG_M9_0,boolean
AL012G019_SV_FLAG_M9_0,boolean
AL018G001_SV_FLAG_M9_0,boolean
AL018G002_SV_FLAG_M9_0,boolean
AS1300133_SV_FLAG_M99999999_0,boolean
AS1340126_SV_FLAG_M99999999_0,boolean
AS1350127_SV_FLAG_M99999999_0,boolean
AS1360004_SV_FLAG_M88888888_0,boolean
AS1360004_SV_FLAG_M99999999_0,boolean
AS1360006_SV_FLAG_M88888888_0,boolean
AS1360006_SV_FLAG_M99999999_0,boolean
AS1C0G158_SV_FLAG_0_0,boolean
AS1C30102_SV_FLAG_M99999999_0,boolean
AS1C30103_SV_FLAG_M99999999_0,boolean
AS1C30104_SV_FLAG_M99999999_0,boolean
AS1C30116_SV_FLAG_M99999999_0,boolean
AS1C40101_SV_FLAG_M99999999_0,boolean
AS1C50101_SV_FLAG_M99999999_0,boolean
AS3C30110_SV_FLAG_M99999999_0,boolean
ASCD30135_SV_FLAG_M99999999_0,boolean
ASCD30137_SV_FLAG_M99999999_0,boolean
C1L120066_SV_FLAG_8888888_8,boolean
C1L120066_SV_FLAG_9999999_9,boolean
C1L120123_SV_FLAG_8888888_8,boolean
C1L120123_SV_FLAG_9999999_9,boolean
C1L120238_SV_FLAG_8888888_8,boolean
C1L120238_SV_FLAG_9999999_9,boolean
C1L120250_SV_FLAG_9999999_9,boolean
C1L120250_SV_FLAG_8888888_8,boolean
C1L120255_SV_FLAG_8888888_8,boolean
C1L120255_SV_FLAG_9999999_9,boolean
C1L120256_SV_FLAG_8888888_8,boolean
C1L120256_SV_FLAG_9999999_9,boolean
C1L120292_SV_FLAG_8888888_8,boolean
C1L120292_SV_FLAG_9999999_9,boolean
C1L120301_SV_FLAG_8888888_8,boolean
C1L120301_SV_FLAG_9999999_9,boolean
C1L120331_SV_FLAG_8888888_8,boolean
C1L120331_SV_FLAG_9999999_9,boolean
C1L120333_SV_FLAG_8888888_8,boolean
C1L120333_SV_FLAG_9999999_9,boolean
C1L120347_SV_FLAG_8888888_8,boolean
C1L120347_SV_FLAG_9999999_9,boolean
C1L120354_SV_FLAG_8888888_8,boolean
C1L120354_SV_FLAG_9999999_9,boolean
C1L120357_SV_FLAG_8888888_8,boolean
C1L120357_SV_FLAG_9999999_9,boolean
C1P000005_SV_FLAG_8888888_8,boolean
C1P000005_SV_FLAG_9999999_9,boolean
C1Z001340_SV_FLAG_9999999_9,boolean
C1Z001340_SV_FLAG_8888888_8,boolean
C1Z001358_SV_FLAG_9999999_9,boolean
C1Z001358_SV_FLAG_8888888_8,boolean
C1Z001380_SV_FLAG_9999999_9,boolean
C1Z001380_SV_FLAG_8888888_8,boolean
C1Z001396_SV_FLAG_9999999_9,boolean
C1Z001396_SV_FLAG_8888888_8,boolean
C1Z001405_SV_FLAG_9999999_9,boolean
C1Z001405_SV_FLAG_8888888_8,boolean
C1Z001426_SV_FLAG_9999999_9,boolean
C1Z001426_SV_FLAG_8888888_8,boolean
C1Z001474_SV_FLAG_9999999_9,boolean
C1Z001474_SV_FLAG_8888888_8,boolean
D10187D00_SV_FLAG_999999999_0,boolean
D10187D00_SV_FLAG_0_0,boolean
D2Z000071_SV_FLAG_999999999_0,boolean
D2Z000072_SV_FLAG_999999999_0,boolean
D2Z000078_SV_FLAG_999999999_0,boolean
DA1000104_SV_FLAG_999999999_0,boolean
DA1000104_SV_FLAG_0_0,boolean
DUN000028_SV_FLAG_999999999_0,boolean
DUN000028_SV_FLAG_0_0,boolean
U5DD01006_SV_FLAG_9999999_9,boolean
U84010100_SV_FLAG_0_0,boolean
U84010200_SV_FLAG_0_0,boolean
UA1040000_SV_FLAG_999999999_0,boolean
UA1040003_SV_FLAG_999999999_0,boolean
UR1101100_SV_FLAG_0_0,boolean
